OfficeName,BookmarkName
Amsterdam,bmkOfficeInformation
Amsterdam,bmkOfficePartnerList
Amsterdam,bmkOfficePartnerListDescLabel
Amsterdam,bmkOfficePartnerListLabel
Beijing,bmkOfficePartnerList
Beijing,bmkOfficePartnerListLabel
Budapest,bmkOfficeInformation
Budapest,bmkOfficePartnerList
Budapest,bmkOfficePartnerListDescLabel
Budapest,bmkOfficePartnerListLabel
Bratislava,bmkOfficeDisclaimer
Bratislava,bmkOfficePartnerList
Bratislava,bmkOfficePartnerListDescLabel
Bratislava,bmkOfficePartnerListLabel
Bratislava,bmkOffices
Dubai,bmkOfficeInformation
Dubai,bmkOfficePartnerList
Dubai,bmkOfficePartnerListDescLabel
Dubai,bmkOfficePartnerListLabel
Frankfurt,bmkOfficeInformation
Frankfurt,bmkOfficePartnerList
Frankfurt,bmkOfficePartnerListDescLabel
Frankfurt,bmkOfficePartnerListLabel
Hong Kong - Law,bmkOfficeInformation
Hong Kong - Law,bmkOfficePartnerListDescLabel
Hong Kong - Law,bmkOfficePartnerListLabel
London,bmkOfficeInformation
London,bmkOfficePartnerList
London,bmkOfficePartnerListDescLabel
London,bmkOfficePartnerListLabel
Luxembourg Office,bmkOfficeInformation
Luxembourg Office,bmkOfficePartnerList
Luxembourg Office,bmkOfficePartnerListDescLabel
Luxembourg Office,bmkOfficePartnerListLabel
Luxembourg Office,bmkOffices
Madrid,bmkOfficeInformation
Madrid,bmkOfficePartnerList
Madrid,bmkOfficePartnerListDescLabel
Madrid,bmkOfficePartnerListLabel
Milan,bmkOfficePartnerListDescLabel
Moscow,bmkOfficePartnerList
Moscow,bmkOfficePartnerListDescLabel
Moscow,bmkOfficePartnerListLabel
New York,bmkOfficeInformation
New York,bmkOfficePartnerList
New York,bmkOfficePartnerListDescLabel
New York,bmkOfficePartnerListLabel
Paris,bmkOfficeInformation
Paris,bmkOfficePartnerList
Paris,bmkOfficePartnerListDescLabel
Paris,bmkOfficePartnerListLabel
Prague - Admin,bmkOfficePartnerList
Prague - Admin,bmkOfficePartnerListDescLabel
Prague - Admin,bmkOfficePartnerListLabel
Prague - Admin,bmkOffices
Prague - Law,bmkOfficeDisclaimer
Prague - Law,bmkOfficePartnerList
Prague - Law,bmkOfficePartnerListDescLabel
Prague - Law,bmkOfficePartnerListLabel
Shanghai,bmkOfficePartnerList
Shanghai,bmkOfficePartnerListLabel
Tokyo,bmkOfficePartnerList
Tokyo,bmkOfficePartnerListDescLabel
Tokyo,bmkOfficePartnerListLabel
Tokyo,bmkOffices
Hong Kong - Admin,bmkOfficeInformation
Hong Kong - Admin,bmkOfficePartnerList
Hong Kong - Admin,bmkOfficePartnerListDescLabel
Hong Kong - Admin,bmkOfficePartnerListLabel
Hong Kong - Admin,bmkOffices
Warsaw - Admin,bmkOfficePartnerList
Warsaw - Admin,bmkOfficePartnerListDescLabel
Warsaw - Admin,bmkOfficePartnerListLabel
Warsaw - Law,bmkOfficePartnerList
Warsaw - Law,bmkOfficePartnerListDescLabel
Warsaw - Law,bmkOfficePartnerListLabel
Hamburg,bmkOfficeInformation
Hamburg,bmkOfficePartnerList
Hamburg,bmkOfficePartnerListDescLabel
Hamburg,bmkOfficePartnerListLabel
Rome,bmkOfficePartnerListDescLabel
Bangkok,bmkOfficeInformation
Bangkok,bmkOfficePartnerList
Bangkok,bmkOfficePartnerListDescLabel
Bangkok,bmkOfficePartnerListLabel
Singapore - ASSPL,bmkOfficeDisclaimer
Singapore - ASSPL,bmkOfficePartnerList
Singapore - ASSPL,bmkOfficePartnerListDescLabel
Singapore - ASSPL,bmkOfficePartnerListLabel
Düsseldorf,bmkOfficeInformation
Düsseldorf,bmkOfficePartnerList
Düsseldorf,bmkOfficePartnerListDescLabel
Düsseldorf,bmkOfficePartnerListLabel
Riyadh,bmkOfficeInformation
Riyadh,bmkOfficePartnerList
Riyadh,bmkOfficePartnerListDescLabel
Riyadh,bmkOfficePartnerListLabel
Riyadh,bmkOffices
Abu Dhabi,bmkOfficeInformation
Abu Dhabi,bmkOfficePartnerList
Abu Dhabi,bmkOfficePartnerListDescLabel
Abu Dhabi,bmkOfficePartnerListLabel
Munich,bmkOfficeInformation
Munich,bmkOfficePartnerList
Munich,bmkOfficePartnerListDescLabel
Munich,bmkOfficePartnerListLabel
Doha,bmkOfficeInformation
Doha,bmkOfficePartnerList
Doha,bmkOfficePartnerListDescLabel
Doha,bmkOfficePartnerListLabel
Athens,bmkOfficeInformation
Athens,bmkOfficePartnerList
Athens,bmkOfficePartnerListDescLabel
Athens,bmkOfficePartnerListLabel
São Paulo,bmkOfficeInformation
São Paulo,bmkOfficePartnerList
São Paulo,bmkOfficePartnerListDescLabel
São Paulo,bmkOfficePartnerListLabel
Sydney - Admin,bmkOfficeInformation
Sydney - Admin,bmkOfficePartnerList
Sydney - Admin,bmkOfficePartnerListDescLabel
Sydney - Admin,bmkOfficePartnerListLabel
Sydney - Admin,bmkOffices
Perth - Admin,bmkOfficeInformation
Perth - Admin,bmkOfficePartnerList
Perth - Admin,bmkOfficePartnerListDescLabel
Perth - Admin,bmkOfficePartnerListLabel
Perth - Admin,bmkOffices
Sydney - Law,bmkOfficeInformation
Sydney - Law,bmkOfficePartnerList
Sydney - Law,bmkOfficePartnerListDescLabel
Sydney - Law,bmkOfficePartnerListLabel
Perth - Law,bmkOfficeInformation
Perth - Law,bmkOfficePartnerList
Perth - Law,bmkOfficePartnerListDescLabel
Perth - Law,bmkOfficePartnerListLabel
Mannheim,bmkOfficeInformation
Mannheim,bmkOfficePartnerList
Mannheim,bmkOfficePartnerListDescLabel
Mannheim,bmkOfficePartnerListLabel
Jakarta,bmkOfficeInformation
Jakarta,bmkOfficePartnerList
Jakarta,bmkOfficePartnerListDescLabel
Jakarta,bmkOfficePartnerListLabel
Jakarta,bmkOffices
A&O Holdings,bmkOfficeInformation
A&O Holdings,bmkOfficePartnerList
A&O Holdings,bmkOfficePartnerListDescLabel
A&O Holdings,bmkOfficePartnerListLabel
Belfast - Law,bmkOfficeInformation
Belfast - Law,bmkOfficePartnerList
Belfast - Law,bmkOfficePartnerListDescLabel
Belfast - Law,bmkOfficePartnerListLabel
Belfast - Admin,bmkOfficeInformation
Belfast - Admin,bmkOfficePartnerList
Belfast - Admin,bmkOfficePartnerListDescLabel
Belfast - Admin,bmkOfficePartnerListLabel
"Washington, D.C.",bmkOfficeInformation
"Washington, D.C.",bmkOfficePartnerList
"Washington, D.C.",bmkOfficePartnerListDescLabel
"Washington, D.C.",bmkOfficePartnerListLabel
Casablanca,bmkOfficeInformation
Casablanca,bmkOfficePartnerList
Casablanca,bmkOfficePartnerListDescLabel
Casablanca,bmkOfficePartnerListLabel
Singapore - AOA,bmkOfficePartnerList
Singapore - AOA,bmkOfficePartnerListDescLabel
Singapore - AOA,bmkOfficePartnerListLabel
Singapore,bmkOfficePartnerList
Singapore,bmkOfficePartnerListDescLabel
Singapore,bmkOfficePartnerListLabel
Istanbul - Admin,bmkOfficeInformation
Istanbul - Admin,bmkOfficePartnerList
Istanbul - Admin,bmkOfficePartnerListDescLabel
Istanbul - Admin,bmkOfficePartnerListLabel
Istanbul - Law,bmkOfficeInformation
Istanbul - Law,bmkOfficePartnerList
Istanbul - Law,bmkOfficePartnerListDescLabel
Istanbul - Law,bmkOfficePartnerListLabel
Ho Chi Minh City,bmkOfficeInformation
Ho Chi Minh City,bmkOfficePartnerList
Ho Chi Minh City,bmkOfficePartnerListDescLabel
Ho Chi Minh City,bmkOfficePartnerListLabel
Hanoi,bmkOfficeInformation
Hanoi,bmkOfficePartnerList
Hanoi,bmkOfficePartnerListDescLabel
Hanoi,bmkOfficePartnerListLabel
